Metodo,Custo_AUD_dia
Sem bateria,3.8303661538461538
Sem bateria,8.847846153846154
Sem bateria,7.408953846153848
Sem bateria,6.454255384615384
Sem bateria,6.623347692307692
Sem bateria,5.691664615384616
Sem bateria,7.3411384615384625
Sem bateria,6.227993846153846
Sem bateria,6.921550769230769
Sem bateria,7.1918
Sem bateria,6.909224615384616
Sem bateria,6.108366153846154
Sem bateria,7.518150769230768
Sem bateria,6.399612307692308
Sem bateria,8.890566153846153
Sem bateria,6.279224615384615
Sem bateria,7.2212369230769236
Sem bateria,5.179375384615385
Sem bateria,9.881664615384613
Sem bateria,8.215295384615386
Sem bateria,10.257064615384616
Sem bateria,5.845326153846154
Sem bateria,6.3708061538461545
Sem bateria,9.287987692307693
Sem bateria,9.129313846153844
Sem bateria,8.498883076923077
Sem bateria,7.648052307692308
Sem bateria,11.01129846153846
Sem bateria,11.566123076923079
Sem bateria,8.89888307692308
Sem bateria,8.909227692307692
Sem bateria,8.877378461538461
Sem bateria,6.409076923076923
Sem bateria,7.7882953846153855
Sem bateria,6.221178461538461
Sem bateria,9.936861538461539
Sem bateria,11.257984615384617
Sem bateria,7.915849230769231
Sem bateria,9.581209230769232
Sem bateria,9.048563076923077
Sem bateria,8.504141538461539
Sem bateria,10.971861538461537
Sem bateria,5.774541538461538
Sem bateria,6.933753846153844
Sem bateria,6.101947692307693
Sem bateria,6.215132307692309
Sem bateria,5.936486153846155
Sem bateria,8.535904615384617
Sem bateria,5.483889230769232
Sem bateria,5.580963076923078
Sem bateria,6.0227323076923085
Sem bateria,10.358938461538463
Sem bateria,6.378255384615384
Sem bateria,7.57275076923077
Sem bateria,8.246883076923075
Sem bateria,8.262966153846154
LDR,1.2967207754480676
LDR,6.746334879511331
LDR,4.102575255450554
LDR,3.2852334695024785
LDR,3.469998634904531
LDR,2.9734254726346148
LDR,4.062137505888847
LDR,3.0856492890727205
LDR,3.8295120552338977
LDR,3.9323878387352194
LDR,4.017995721433373
LDR,3.0099231725578974
LDR,4.407264061434257
LDR,3.3189504069714526
LDR,6.9098591795310815
LDR,3.10400793749807
LDR,4.120243239773906
LDR,2.0900136666888502
LDR,7.930221660589056
LDR,5.77267015983225
LDR,7.094147403926247
LDR,2.803014958059083
LDR,3.3355275264405555
LDR,7.268597305003647
LDR,6.42074552071302
LDR,6.028526636381831
LDR,5.5312873058491645
LDR,9.152966445758336
LDR,9.800877348022931
LDR,6.12307490714602
LDR,6.136623031581771
LDR,6.241342485088723
LDR,3.29399989679604
LDR,4.6128743025802885
LDR,3.354238338144108
LDR,8.094561092588147
LDR,9.416185607573182
LDR,5.258860528455686
LDR,7.438960957554469
LDR,6.018497638495112
LDR,6.262285436018621
LDR,9.168938445120546
LDR,2.850916641739123
LDR,3.996424905295231
LDR,3.01131108722563
LDR,3.2417011668235203
LDR,3.9017204408048203
LDR,7.34287728108473
LDR,2.4576950354632046
LDR,2.651807114542978
LDR,3.0294029250509396
LDR,8.52245529693462
LDR,3.4689233082593294
LDR,4.5069569756490555
LDR,6.656459530824371
LDR,5.660068042337225
AdaLASSO-LDR,1.3177053444203706
AdaLASSO-LDR,6.746076975328474
AdaLASSO-LDR,4.10242781091363
AdaLASSO-LDR,3.2933591035378718
AdaLASSO-LDR,3.4662155266418386
AdaLASSO-LDR,2.9802751860503593
AdaLASSO-LDR,4.057246470499266
AdaLASSO-LDR,3.0888777034083956
AdaLASSO-LDR,3.8330968872133035
AdaLASSO-LDR,3.936922141087668
AdaLASSO-LDR,4.070107786895388
AdaLASSO-LDR,2.9965497627366227
AdaLASSO-LDR,4.407889354340341
AdaLASSO-LDR,3.3143738097179916
AdaLASSO-LDR,6.876322613299609
AdaLASSO-LDR,3.1129053285694512
AdaLASSO-LDR,4.039089097960318
AdaLASSO-LDR,2.1000913260561247
AdaLASSO-LDR,7.924904371518289
AdaLASSO-LDR,5.827367811233092
AdaLASSO-LDR,7.0824417355433145
AdaLASSO-LDR,2.817961922955688
AdaLASSO-LDR,3.330426799970704
AdaLASSO-LDR,7.27059005783908
AdaLASSO-LDR,6.424314325218574
AdaLASSO-LDR,6.0168810784876765
AdaLASSO-LDR,5.495625891492859
AdaLASSO-LDR,9.076007573605407
AdaLASSO-LDR,9.783252199835868
AdaLASSO-LDR,6.098830845163166
AdaLASSO-LDR,6.136891714594913
AdaLASSO-LDR,6.19108444778717
AdaLASSO-LDR,3.308815793370463
AdaLASSO-LDR,4.632384071407669
AdaLASSO-LDR,3.344221094398496
AdaLASSO-LDR,8.065156235128624
AdaLASSO-LDR,9.391039689615727
AdaLASSO-LDR,5.246416033375778
AdaLASSO-LDR,7.466334813265558
AdaLASSO-LDR,6.0317414963222955
AdaLASSO-LDR,6.268913946338715
AdaLASSO-LDR,9.171738241397001
AdaLASSO-LDR,2.867837415843997
AdaLASSO-LDR,4.019418181002338
AdaLASSO-LDR,3.0206506525936034
AdaLASSO-LDR,3.2155679145965976
AdaLASSO-LDR,3.9336137608283885
AdaLASSO-LDR,7.227646343765065
AdaLASSO-LDR,2.4468760566509555
AdaLASSO-LDR,2.67277820808416
AdaLASSO-LDR,3.034795555088773
AdaLASSO-LDR,8.500957888937737
AdaLASSO-LDR,3.505359971738597
AdaLASSO-LDR,4.489501739793488
AdaLASSO-LDR,6.272230646484549
AdaLASSO-LDR,5.5639283516091975
Oracle,1.1835653441295553
Oracle,6.324866801619432
Oracle,3.9554012145749007
Oracle,3.06415272107394
Oracle,3.2744255231195396
Oracle,2.6522495302152143
Oracle,3.8875858299595136
Oracle,2.8660435840613676
Oracle,3.623456194331984
Oracle,3.738247368421053
Oracle,3.455671983805668
Oracle,2.7498645045812906
Oracle,4.064598137651822
Oracle,3.0490221819731507
Oracle,6.504682186234817
Oracle,2.8776265757511186
Oracle,3.767684291497976
Oracle,1.8826658043895164
Oracle,7.504353142978903
Oracle,5.243932976773918
Oracle,6.803511983805669
Oracle,2.4920988536117616
Oracle,2.9627616876198597
Oracle,6.88326289008097
Oracle,6.118082186234819
Oracle,5.634605263157895
Oracle,4.964516969955252
Oracle,8.741221155465587
Oracle,9.375728340080972
Oracle,5.612311847048795
Oracle,5.648174493927124
Oracle,5.864745305465586
Oracle,3.111455687193693
Oracle,4.22120461964628
Oracle,2.835180737268272
Oracle,7.746466801619433
Oracle,9.06758987854251
Oracle,4.664142440080973
Oracle,7.106266801619431
Oracle,5.705189878542509
Oracle,5.764497570850202
Oracle,8.781466801619434
Oracle,2.567147734924355
Oracle,3.5568925693586184
Oracle,2.8474003068399747
Oracle,2.9157078755593435
Oracle,3.6092260089495
Oracle,6.304543724696356
Oracle,2.341568271894311
Oracle,2.2498724994672923
Oracle,2.6723675815043673
Oracle,8.168543724696356
Oracle,3.0528198465800123
Oracle,4.1191981376518205
Oracle,4.816524057106329
Oracle,4.878684951033454
