Hora,LDR_kWh,AdaLASSO_kWh,Oracle_kWh,Consumo_kWh,Solar_kWh
0.0,4.524210526315788,4.52421052631579,5.0,0.452,0.0
0.5,3.9276157103554428,3.92225949483173,5.0,0.5720000000000001,0.0
1.0,3.353131704400874,3.373366308270349,5.0,0.55,0.0
1.5,2.9183693711089753,3.047212411184057,5.0,0.44,0.0
2.0,2.635369717086551,2.801261830312864,5.0,0.47200000000000003,0.0
2.5,2.371018576059888,2.5810333930271767,5.0,0.5,0.0
3.0,2.2905357476994777,2.4287520145110633,4.674979757085021,0.368,0.0
3.5,2.15178289479145,2.2290915689968713,4.312874493927126,0.344,0.0
4.0,1.8469360595488284,1.8567337514051638,3.9107692307692306,0.382,0.0
4.5,1.3862573357696173,1.3928320906002045,3.445506072874494,0.442,0.0
5.0,0.8502092112081446,0.848005319603741,2.8812955465587042,0.536,0.0
5.5,0.6818466117595119,0.619309955683786,2.8812955465587042,0.342,0.0
6.0,0.3666559729867765,0.34484841423853596,2.451821862348178,0.408,0.0
6.5,0.19952644331227343,0.181373220610562,1.4961943319838056,0.9540000000000001,0.04615384615384615
7.0,0.06158737437844611,0.060492047891469634,0.8226720647773279,0.6859999999999999,0.04615384615384615
7.5,0.02323667633383439,0.002294743940515215,0.0,1.02,0.23846153846153845
8.0,0.0032443321632979003,3.106232729967203e-5,0.0,0.9540000000000001,0.6230769230769231
8.5,0.2716584688783883,0.2191229462834629,0.0,0.594,1.0076923076923077
9.0,0.91441660728891,0.8347316561877902,0.0,0.6559999999999999,1.346153846153846
9.5,1.9075160715406785,1.7731578129845447,0.0,0.594,1.6846153846153842
10.0,3.0988770968969583,2.963328972355158,0.0,0.684,1.9692307692307691
10.5,4.543004566705161,4.378950162889897,0.0,0.6759999999999999,2.2153846153846155
11.0,6.118568237556087,5.944037201544302,0.0,0.6579999999999999,2.4076923076923076
11.5,7.428943161153066,7.306001356466376,1.6968461538461537,0.76,2.546153846153846
12.0,8.224759812687529,8.051514794312535,3.1845461538461532,1.034,2.5999999999999996
12.5,8.919178743463608,8.75639554422967,5.061746153846153,0.524,2.5
13.0,9.315929973408842,9.305255474155086,6.908546153846153,0.556,2.5
13.5,9.446532177572108,9.542250348866995,8.645,0.626,2.4538461538461536
14.0,9.903621438797533,9.898959535109432,8.645,0.524,2.261538461538461
14.5,9.999111014910055,9.998994964430176,8.645,0.602,2.023076923076923
15.0,9.9929306212232,9.999999999999998,8.816884615384616,0.556,1.7307692307692306
15.5,9.996677899267846,10.0,9.622484615384616,0.452,1.2999999999999998
16.0,9.998258110617316,9.998816393493767,10.0,0.418,0.8153846153846153
16.5,9.753316171338652,9.757616933047865,9.713846153846154,0.318,0.04615384615384615
17.0,9.423117300487458,9.423438187946736,9.450688259109311,0.25,0.0
17.5,9.01866927035292,9.017395306806263,9.07174089068826,0.36,0.0
18.0,8.658198547921193,8.647386394922881,8.71174089068826,0.342,0.0
18.5,8.30999013230905,8.301143719314755,8.372793522267207,0.322,0.0
19.0,7.441315185346445,7.443213562654204,7.482267206477733,0.846,0.0
19.5,6.847550083593815,6.906122981877584,6.629635627530364,0.81,0.0
20.0,6.278544194205231,6.35032920620429,5.918056680161943,0.6759999999999999,0.0
20.5,5.9438073520999515,6.015592364099078,5.5833198380566795,0.318,0.0
21.0,5.678061886591071,5.627986700615844,5.5833198380566795,0.632,0.0
21.5,5.7262538986965135,5.247084302126176,5.5833198380566795,0.342,0.0
22.0,5.537589794104434,5.268906906281945,5.5833198380566795,0.578,0.0
22.5,5.300902389668673,5.0,5.5833198380566795,0.42200000000000004,0.0
23.0,5.220780056034223,5.0,5.467368421052631,0.608,0.0
23.5,5.000000000000006,5.0,5.0,0.444,0.0
